{"John Higgins":{"CONFUSED":12.644450855332536,"cpter":154,"ANGRY":11.299152013930408,"DISGUSTED":14.754181535309785,"SURPRISED":7.012213667298292,"HAPPY":15.076271243877224,"CALM":35.34718839417804,"SAD":27.243165912566248},"Graham Norton":{"CONFUSED":21.275434788535623,"cpter":68,"ANGRY":29.402134386932147,"DISGUSTED":18.810571352786877,"SURPRISED":16.450496526325452,"HAPPY":25.58146139541093,"CALM":37.07482749574325,"SAD":20.890367714797748},"Gemma Arterton":{"CONFUSED":21.41588574343509,"cpter":421,"ANGRY":22.659457567397887,"DISGUSTED":22.0928399261273,"SURPRISED":22.128957753934657,"HAPPY":44.63434727967776,"CALM":27.082100790695257,"SAD":29.772634380291308},"Joseph Gordon-Levitt":{"CONFUSED":9.886792740474144,"cpter":144,"ANGRY":10.182294848064581,"DISGUSTED":8.947451064984003,"SURPRISED":7.661157813751036,"HAPPY":61.90786911133263,"CALM":13.628310962269703,"SAD":14.348623190075159},"Clint Eastwood":{"CONFUSED":38.75232349742543,"cpter":22,"ANGRY":17.28628331964666,"DISGUSTED":2.4900138920003716,"SURPRISED":2.7917279221794824,"HAPPY":1.6350405703891406,"CALM":31.65123480016535,"SAD":5.3933776075189765}}